SKU_ID,SKU_Name,Category,Subcategory,Current_Stock,Sales_Last_30_Days,Forecast_30_Days,Supplier,Price
P0001,"Product P0001",Groceries,Default,231,127,135.47,"Default Supplier",33.5
P0002,"Product P0002",Toys,Default,204,150,144.04,"Default Supplier",63.01
P0003,"Product P0003",Toys,Default,102,65,74.02,"Default Supplier",27.99
P0004,"Product P0004",Toys,Default,469,61,62.18,"Default Supplier",32.72
P0005,"Product P0005",Electronics,Default,166,14,9.26,"Default Supplier",73.64
P0006,"Product P0006",Groceries,Default,138,128,139.82,"Default Supplier",76.83
P0007,"Product P0007",Furniture,Default,359,97,108.92,"Default Supplier",34.16
P0008,"Product P0008",Clothing,Default,380,312,329.73,"Default Supplier",97.99
P0009,"Product P0009",Electronics,Default,183,175,174.15,"Default Supplier",20.74
P0010,"Product P0010",Toys,Default,108,28,24.47,"Default Supplier",59.99
P0011,"Product P0011",Furniture,Default,258,150,152.74,"Default Supplier",58.53
P0012,"Product P0012",Clothing,Default,66,24,26.75,"Default Supplier",58.25
P0013,"Product P0013",Toys,Default,96,42,41.46,"Default Supplier",43.6
P0014,"Product P0014",Clothing,Default,193,12,6.8,"Default Supplier",78.11
P0015,"Product P0015",Clothing,Default,379,369,363.46,"Default Supplier",92.99
P0016,"Product P0016",Electronics,Default,363,255,255.74,"Default Supplier",21.9
P0017,"Product P0017",Toys,Default,318,246,255.37,"Default Supplier",21.07
P0018,"Product P0018",Clothing,Default,241,151,147.27,"Default Supplier",19.57
P0019,"Product P0019",Clothing,Default,352,257,267.38,"Default Supplier",73.28
P0020,"Product P0020",Toys,Default,274,99,115.23,"Default Supplier",30.24
P0001,"Product P0001",Groceries,Default,343,104,112.55,"Default Supplier",32.8
P0002,"Product P0002",Clothing,Default,373,141,135.62,"Default Supplier",46.16
P0003,"Product P0003",Furniture,Default,445,182,176.31,"Default Supplier",20.46
P0004,"Product P0004",Toys,Default,191,63,54.57,"Default Supplier",26.19
P0005,"Product P0005",Toys,Default,281,156,150.9,"Default Supplier",83.29
P0006,"Product P0006",Furniture,Default,492,250,242.57,"Default Supplier",85.59
P0007,"Product P0007",Groceries,Default,460,393,401.48,"Default Supplier",91.13
P0008,"Product P0008",Electronics,Default,304,29,35.54,"Default Supplier",66.96
P0009,"Product P0009",Clothing,Default,113,9,14.78,"Default Supplier",81.29
P0010,"Product P0010",Electronics,Default,157,126,132.75,"Default Supplier",60.84
P0011,"Product P0011",Groceries,Default,67,13,7.44,"Default Supplier",34.62
P0012,"Product P0012",Groceries,Default,281,25,37.27,"Default Supplier",19.56
P0013,"Product P0013",Clothing,Default,389,283,299.7,"Default Supplier",57.78
P0014,"Product P0014",Electronics,Default,465,359,370.36,"Default Supplier",91.28
P0015,"Product P0015",Toys,Default,197,129,148.55,"Default Supplier",59.9
P0016,"Product P0016",Toys,Default,242,63,58.07,"Default Supplier",45.65
P0017,"Product P0017",Groceries,Default,398,373,390.89,"Default Supplier",11.71
P0018,"Product P0018",Groceries,Default,234,160,177.41,"Default Supplier",58.84
P0019,"Product P0019",Toys,Default,67,15,34.38,"Default Supplier",84.99
P0020,"Product P0020",Toys,Default,221,101,115,"Default Supplier",87.1
P0001,"Product P0001",Toys,Default,241,147,161.09,"Default Supplier",67.21
P0002,"Product P0002",Electronics,Default,115,4,11.11,"Default Supplier",28.2
P0003,"Product P0003",Groceries,Default,375,77,75.04,"Default Supplier",56.16
P0004,"Product P0004",Toys,Default,153,31,42.99,"Default Supplier",89.53
P0005,"Product P0005",Clothing,Default,438,325,330.92,"Default Supplier",97.95
P0006,"Product P0006",Groceries,Default,456,163,159.17,"Default Supplier",76.37
P0007,"Product P0007",Electronics,Default,189,34,26.91,"Default Supplier",86.99
P0008,"Product P0008",Toys,Default,223,47,45.48,"Default Supplier",66.53
P0009,"Product P0009",Groceries,Default,381,15,30.05,"Default Supplier",74.86
P0010,"Product P0010",Groceries,Default,166,126,141.34,"Default Supplier",97.09
P0011,"Product P0011",Toys,Default,292,232,242.02,"Default Supplier",56.19
P0012,"Product P0012",Electronics,Default,311,175,176.75,"Default Supplier",90.38
P0013,"Product P0013",Furniture,Default,51,17,12.86,"Default Supplier",73.98
P0014,"Product P0014",Electronics,Default,398,369,387.88,"Default Supplier",79.03
P0015,"Product P0015",Clothing,Default,445,260,266.36,"Default Supplier",27.72
P0016,"Product P0016",Groceries,Default,487,347,349.36,"Default Supplier",98.18
P0017,"Product P0017",Clothing,Default,429,150,157.82,"Default Supplier",27.1
P0018,"Product P0018",Toys,Default,204,70,83.01,"Default Supplier",97.08
P0019,"Product P0019",Clothing,Default,330,249,268.25,"Default Supplier",26.71
P0020,"Product P0020",Electronics,Default,431,370,387.57,"Default Supplier",95.85
P0001,"Product P0001",Toys,Default,477,271,286.65,"Default Supplier",15.62
P0002,"Product P0002",Clothing,Default,462,180,176.06,"Default Supplier",41.13
P0003,"Product P0003",Clothing,Default,446,344,352.93,"Default Supplier",89.32
P0004,"Product P0004",Groceries,Default,437,0,-2.4,"Default Supplier",87.23
P0005,"Product P0005",Groceries,Default,397,200,196.57,"Default Supplier",81.72
P0006,"Product P0006",Electronics,Default,470,382,396.4,"Default Supplier",41.35
P0007,"Product P0007",Electronics,Default,264,190,197.45,"Default Supplier",67.26
P0008,"Product P0008",Furniture,Default,250,51,54.98,"Default Supplier",85.88
P0009,"Product P0009",Furniture,Default,63,40,51.78,"Default Supplier",59.23
P0010,"Product P0010",Groceries,Default,447,104,115.03,"Default Supplier",33.48
P0011,"Product P0011",Electronics,Default,205,46,46.65,"Default Supplier",54.84
P0012,"Product P0012",Electronics,Default,349,9,0.95,"Default Supplier",14.25
P0013,"Product P0013",Furniture,Default,191,56,54.47,"Default Supplier",61.81
P0014,"Product P0014",Electronics,Default,406,63,69.73,"Default Supplier",66.94
P0015,"Product P0015",Clothing,Default,228,181,171.96,"Default Supplier",60.54
P0016,"Product P0016",Groceries,Default,263,94,98.05,"Default Supplier",94.26
P0017,"Product P0017",Electronics,Default,203,46,55.12,"Default Supplier",25.55
P0018,"Product P0018",Groceries,Default,143,8,27.3,"Default Supplier",16.73
P0019,"Product P0019",Groceries,Default,359,172,181.25,"Default Supplier",71.2
P0020,"Product P0020",Clothing,Default,211,68,86.27,"Default Supplier",11.5
P0001,"Product P0001",Toys,Default,111,77,83.47,"Default Supplier",70.33
P0002,"Product P0002",Clothing,Default,415,298,292.96,"Default Supplier",57.15
P0003,"Product P0003",Electronics,Default,384,64,76.02,"Default Supplier",36.17
P0004,"Product P0004",Furniture,Default,436,300,292.04,"Default Supplier",50.77
P0005,"Product P0005",Clothing,Default,180,21,38.63,"Default Supplier",92.86
P0006,"Product P0006",Groceries,Default,185,176,174.06,"Default Supplier",60.76
P0007,"Product P0007",Clothing,Default,292,131,122.6,"Default Supplier",46.47
P0008,"Product P0008",Toys,Default,478,317,328.64,"Default Supplier",34.08
P0009,"Product P0009",Groceries,Default,182,97,92.62,"Default Supplier",87.81
P0010,"Product P0010",Clothing,Default,87,8,14.38,"Default Supplier",37.04
P0011,"Product P0011",Groceries,Default,427,104,94.65,"Default Supplier",54.12
P0012,"Product P0012",Electronics,Default,245,87,90.59,"Default Supplier",67.64
P0013,"Product P0013",Furniture,Default,317,238,256.57,"Default Supplier",82.18
P0014,"Product P0014",Electronics,Default,325,171,188.55,"Default Supplier",42.62
P0015,"Product P0015",Furniture,Default,411,250,260.79,"Default Supplier",11.54
P0016,"Product P0016",Clothing,Default,71,11,1.85,"Default Supplier",16.3
P0017,"Product P0017",Electronics,Default,388,371,390.04,"Default Supplier",98.31
P0018,"Product P0018",Furniture,Default,161,107,103.97,"Default Supplier",48.96
P0019,"Product P0019",Groceries,Default,235,106,119.33,"Default Supplier",88.22
P0020,"Product P0020",Electronics,Default,108,101,105.92,"Default Supplier",11.04
P0001,"Product P0001",Groceries,Default,116,81,92.94,"Default Supplier",27.95
P0002,"Product P0002",Clothing,Default,416,163,171.6,"Default Supplier",19.78
P0003,"Product P0003",Clothing,Default,488,464,463.12,"Default Supplier",70.99
P0004,"Product P0004",Groceries,Default,248,116,133.92,"Default Supplier",49.56
P0005,"Product P0005",Electronics,Default,238,200,204.3,"Default Supplier",23.76
P0006,"Product P0006",Furniture,Default,471,58,51.57,"Default Supplier",47.56
P0007,"Product P0007",Electronics,Default,178,56,60.3,"Default Supplier",17.1
P0008,"Product P0008",Clothing,Default,92,74,67.04,"Default Supplier",58.89
P0009,"Product P0009",Toys,Default,99,54,70.6,"Default Supplier",99.76
P0010,"Product P0010",Clothing,Default,171,39,47.8,"Default Supplier",11.44
P0011,"Product P0011",Furniture,Default,215,12,16.92,"Default Supplier",53.84
P0012,"Product P0012",Furniture,Default,281,56,70.71,"Default Supplier",57.84
P0013,"Product P0013",Toys,Default,455,31,44.46,"Default Supplier",35.51
P0014,"Product P0014",Electronics,Default,84,25,23.36,"Default Supplier",31.41
P0015,"Product P0015",Electronics,Default,246,198,203.23,"Default Supplier",28.06
P0016,"Product P0016",Electronics,Default,399,77,67.55,"Default Supplier",35.67
P0017,"Product P0017",Furniture,Default,242,165,181.86,"Default Supplier",28.18
P0018,"Product P0018",Toys,Default,478,42,55.16,"Default Supplier",74.42
P0019,"Product P0019",Furniture,Default,156,8,24.41,"Default Supplier",91.95
P0020,"Product P0020",Electronics,Default,221,174,187.49,"Default Supplier",97.88
P0001,"Product P0001",Electronics,Default,402,343,339.04,"Default Supplier",66.57
P0002,"Product P0002",Furniture,Default,132,71,82.44,"Default Supplier",90.36
P0003,"Product P0003",Groceries,Default,218,157,153.42,"Default Supplier",92.24
P0004,"Product P0004",Groceries,Default,131,88,100.61,"Default Supplier",68.71
P0005,"Product P0005",Groceries,Default,93,64,57.53,"Default Supplier",87.22
P0006,"Product P0006",Groceries,Default,344,273,273.1,"Default Supplier",79.38
P0007,"Product P0007",Groceries,Default,340,247,264.18,"Default Supplier",17.41
P0008,"Product P0008",Electronics,Default,241,42,46.32,"Default Supplier",14.8
P0009,"Product P0009",Electronics,Default,296,197,195.61,"Default Supplier",30.5
P0010,"Product P0010",Groceries,Default,472,374,387.41,"Default Supplier",27.84
P0011,"Product P0011",Furniture,Default,308,154,169.13,"Default Supplier",88.62
P0012,"Product P0012",Toys,Default,434,236,239.09,"Default Supplier",82.35
P0013,"Product P0013",Toys,Default,287,278,279.91,"Default Supplier",92.57
P0014,"Product P0014",Furniture,Default,190,27,31.53,"Default Supplier",94.38
P0015,"Product P0015",Toys,Default,353,106,110.49,"Default Supplier",70.59
P0016,"Product P0016",Toys,Default,210,154,166.83,"Default Supplier",63.13
P0017,"Product P0017",Clothing,Default,193,176,174.49,"Default Supplier",46.04
P0018,"Product P0018",Groceries,Default,124,124,116.05,"Default Supplier",21.07
P0019,"Product P0019",Toys,Default,492,479,469.74,"Default Supplier",79.11
P0020,"Product P0020",Clothing,Default,222,78,76.55,"Default Supplier",64.99
P0001,"Product P0001",Toys,Default,277,114,132.41,"Default Supplier",73.48
P0002,"Product P0002",Groceries,Default,175,2,-3.4,"Default Supplier",87.5
P0003,"Product P0003",Toys,Default,157,7,22.8,"Default Supplier",88.68
P0004,"Product P0004",Furniture,Default,120,54,49.64,"Default Supplier",82.36
P0005,"Product P0005",Furniture,Default,375,282,297.42,"Default Supplier",38.56
P0006,"Product P0006",Groceries,Default,302,93,106.58,"Default Supplier",97.74
P0007,"Product P0007",Electronics,Default,375,85,85.31,"Default Supplier",37.68
P0008,"Product P0008",Clothing,Default,248,136,130.52,"Default Supplier",36.03
P0009,"Product P0009",Electronics,Default,219,140,139.46,"Default Supplier",88.97
P0010,"Product P0010",Furniture,Default,146,79,94.23,"Default Supplier",16.48
P0011,"Product P0011",Furniture,Default,218,106,117.65,"Default Supplier",58.37
P0012,"Product P0012",Groceries,Default,260,1,1.99,"Default Supplier",27.86
P0013,"Product P0013",Electronics,Default,414,203,206.35,"Default Supplier",39.14
P0014,"Product P0014",Toys,Default,420,368,384.47,"Default Supplier",66.51
P0015,"Product P0015",Electronics,Default,435,286,283.25,"Default Supplier",89.65
P0016,"Product P0016",Clothing,Default,230,69,70.77,"Default Supplier",86.7
P0017,"Product P0017",Toys,Default,456,52,65.67,"Default Supplier",29.69
P0018,"Product P0018",Toys,Default,319,109,126.67,"Default Supplier",86.93
P0019,"Product P0019",Furniture,Default,59,50,44.37,"Default Supplier",59.33
P0020,"Product P0020",Electronics,Default,155,0,9.42,"Default Supplier",57.07
P0001,"Product P0001",Electronics,Default,144,22,39.12,"Default Supplier",74.16
P0002,"Product P0002",Electronics,Default,283,45,46.65,"Default Supplier",59.38
P0003,"Product P0003",Clothing,Default,347,89,87.77,"Default Supplier",48.18
P0004,"Product P0004",Groceries,Default,410,209,224.66,"Default Supplier",94.75
P0005,"Product P0005",Toys,Default,99,4,14.91,"Default Supplier",60.89
P0006,"Product P0006",Toys,Default,97,47,52.02,"Default Supplier",14.71
P0007,"Product P0007",Furniture,Default,339,115,124.22,"Default Supplier",33.09
P0008,"Product P0008",Toys,Default,144,27,21.73,"Default Supplier",98.75
P0009,"Product P0009",Furniture,Default,110,90,103.6,"Default Supplier",12.4
P0010,"Product P0010",Groceries,Default,348,206,214.99,"Default Supplier",92.01
P0011,"Product P0011",Toys,Default,458,328,339.54,"Default Supplier",92.12
P0012,"Product P0012",Groceries,Default,403,155,145.99,"Default Supplier",37.39
P0013,"Product P0013",Clothing,Default,198,184,191.55,"Default Supplier",85.35
P0014,"Product P0014",Electronics,Default,472,16,28.75,"Default Supplier",82.64
P0015,"Product P0015",Toys,Default,178,90,98.56,"Default Supplier",92.19
P0016,"Product P0016",Clothing,Default,215,178,180.76,"Default Supplier",61.41
P0017,"Product P0017",Electronics,Default,477,256,254.89,"Default Supplier",96.47
P0018,"Product P0018",Furniture,Default,198,27,25.51,"Default Supplier",89.33
P0019,"Product P0019",Groceries,Default,110,67,79.41,"Default Supplier",59.49
P0020,"Product P0020",Electronics,Default,254,84,77.15,"Default Supplier",73.05
P0001,"Product P0001",Groceries,Default,223,67,74.8,"Default Supplier",67.49
P0002,"Product P0002",Furniture,Default,100,15,28.97,"Default Supplier",66.05
P0003,"Product P0003",Toys,Default,397,333,336.02,"Default Supplier",80.88
P0004,"Product P0004",Groceries,Default,442,56,54.08,"Default Supplier",60.5
P0005,"Product P0005",Furniture,Default,411,165,172.41,"Default Supplier",71.72
P0006,"Product P0006",Clothing,Default,76,54,49.32,"Default Supplier",69.21
P0007,"Product P0007",Clothing,Default,257,93,84.69,"Default Supplier",70.69
P0008,"Product P0008",Furniture,Default,353,250,254.75,"Default Supplier",63.54
P0009,"Product P0009",Electronics,Default,119,90,99.63,"Default Supplier",78.08
P0010,"Product P0010",Furniture,Default,403,83,84.32,"Default Supplier",43.09
P0011,"Product P0011",Electronics,Default,60,16,23.98,"Default Supplier",25.67
P0012,"Product P0012",Toys,Default,182,87,83.13,"Default Supplier",38.59
P0013,"Product P0013",Furniture,Default,455,241,235.03,"Default Supplier",57.99
P0014,"Product P0014",Toys,Default,437,286,282.52,"Default Supplier",14.65
P0015,"Product P0015",Clothing,Default,289,60,52.77,"Default Supplier",63.26
P0016,"Product P0016",Groceries,Default,487,437,432.86,"Default Supplier",43.64
P0017,"Product P0017",Toys,Default,418,377,383.26,"Default Supplier",84.85
P0018,"Product P0018",Clothing,Default,89,83,78.67,"Default Supplier",47.05
P0019,"Product P0019",Clothing,Default,421,203,220.23,"Default Supplier",76.83
P0020,"Product P0020",Clothing,Default,211,183,190.11,"Default Supplier",93.95
P0001,"Product P0001",Electronics,Default,154,5,5.36,"Default Supplier",62.7
P0002,"Product P0002",Clothing,Default,282,199,193.26,"Default Supplier",54.02
P0003,"Product P0003",Toys,Default,183,176,168.28,"Default Supplier",26.03
P0004,"Product P0004",Electronics,Default,239,214,228.51,"Default Supplier",10.19
P0005,"Product P0005",Groceries,Default,368,165,170.76,"Default Supplier",95.54
P0006,"Product P0006",Furniture,Default,57,9,13.6,"Default Supplier",57.65
P0007,"Product P0007",Clothing,Default,460,140,143.7,"Default Supplier",87.85
P0008,"Product P0008",Groceries,Default,214,177,178,"Default Supplier",53.94
P0009,"Product P0009",Groceries,Default,407,217,217.69,"Default Supplier",61.42
P0010,"Product P0010",Electronics,Default,51,47,38.08,"Default Supplier",99.14
P0011,"Product P0011",Groceries,Default,252,3,5.18,"Default Supplier",60.52
P0012,"Product P0012",Clothing,Default,72,2,9.81,"Default Supplier",86.93
P0013,"Product P0013",Clothing,Default,194,18,20.5,"Default Supplier",83.11
P0014,"Product P0014",Toys,Default,302,242,255.54,"Default Supplier",32.28
P0015,"Product P0015",Toys,Default,330,228,246.91,"Default Supplier",52.17
P0016,"Product P0016",Clothing,Default,148,31,35.11,"Default Supplier",93.61
P0017,"Product P0017",Clothing,Default,315,16,33.51,"Default Supplier",98.25
P0018,"Product P0018",Furniture,Default,97,20,37.26,"Default Supplier",78.53
P0019,"Product P0019",Furniture,Default,240,193,203.45,"Default Supplier",56.91
P0020,"Product P0020",Toys,Default,178,118,110.02,"Default Supplier",35.32
P0001,"Product P0001",Toys,Default,405,96,100.82,"Default Supplier",48.08
P0002,"Product P0002",Electronics,Default,200,48,55.45,"Default Supplier",46.95
P0003,"Product P0003",Furniture,Default,327,130,127.03,"Default Supplier",94.45
P0004,"Product P0004",Groceries,Default,409,11,8.25,"Default Supplier",27.28
P0005,"Product P0005",Groceries,Default,327,313,326.56,"Default Supplier",29.74
P0006,"Product P0006",Furniture,Default,388,352,365.82,"Default Supplier",27.64
P0007,"Product P0007",Toys,Default,483,265,277.23,"Default Supplier",60.54
P0008,"Product P0008",Furniture,Default,70,11,23.62,"Default Supplier",58.55
P0009,"Product P0009",Groceries,Default,288,191,207.27,"Default Supplier",58.59
P0010,"Product P0010",Electronics,Default,270,185,192.21,"Default Supplier",95.48
P0011,"Product P0011",Clothing,Default,217,143,154.26,"Default Supplier",37.81
P0012,"Product P0012",Electronics,Default,221,85,104.48,"Default Supplier",48.7
P0013,"Product P0013",Groceries,Default,303,270,268.73,"Default Supplier",65.89
P0014,"Product P0014",Groceries,Default,298,233,245.02,"Default Supplier",20.37
P0015,"Product P0015",Furniture,Default,193,187,177.8,"Default Supplier",46.25
P0016,"Product P0016",Electronics,Default,205,39,37.83,"Default Supplier",71.74
P0017,"Product P0017",Toys,Default,427,234,231.16,"Default Supplier",20.57
P0018,"Product P0018",Clothing,Default,365,213,208.31,"Default Supplier",29.88
P0019,"Product P0019",Clothing,Default,111,55,71.88,"Default Supplier",73.98
P0020,"Product P0020",Groceries,Default,271,22,15.3,"Default Supplier",45.02
P0001,"Product P0001",Clothing,Default,134,100,100.66,"Default Supplier",82.88
P0002,"Product P0002",Groceries,Default,405,353,355.08,"Default Supplier",17.36
P0003,"Product P0003",Electronics,Default,290,255,246.78,"Default Supplier",42.7
P0004,"Product P0004",Clothing,Default,403,154,166.81,"Default Supplier",89.67
P0005,"Product P0005",Clothing,Default,311,147,154.97,"Default Supplier",65.77
P0006,"Product P0006",Electronics,Default,448,342,357.52,"Default Supplier",95.74
P0007,"Product P0007",Furniture,Default,277,54,48.62,"Default Supplier",98.9
P0008,"Product P0008",Toys,Default,421,289,292.21,"Default Supplier",41.11
P0009,"Product P0009",Toys,Default,241,179,198.59,"Default Supplier",42.07
P0010,"Product P0010",Furniture,Default,186,175,177.8,"Default Supplier",95.89
P0011,"Product P0011",Clothing,Default,413,209,220.54,"Default Supplier",84.12
P0012,"Product P0012",Toys,Default,112,109,113.33,"Default Supplier",71.21
P0013,"Product P0013",Groceries,Default,268,43,49.77,"Default Supplier",49.23
P0014,"Product P0014",Toys,Default,347,58,49.31,"Default Supplier",21.87
P0015,"Product P0015",Electronics,Default,495,399,390.1,"Default Supplier",60.83
P0016,"Product P0016",Clothing,Default,324,95,111.3,"Default Supplier",56.78
P0017,"Product P0017",Clothing,Default,330,296,297.58,"Default Supplier",76.12
P0018,"Product P0018",Electronics,Default,297,105,104.66,"Default Supplier",98.9
P0019,"Product P0019",Clothing,Default,169,103,107.67,"Default Supplier",46.24
P0020,"Product P0020",Toys,Default,257,131,123.65,"Default Supplier",16.35
P0001,"Product P0001",Groceries,Default,175,66,56.84,"Default Supplier",83.63
P0002,"Product P0002",Groceries,Default,228,163,161.48,"Default Supplier",81.57
P0003,"Product P0003",Clothing,Default,188,98,98.87,"Default Supplier",44.68
P0004,"Product P0004",Groceries,Default,211,150,167.75,"Default Supplier",60.11
P0005,"Product P0005",Furniture,Default,149,15,21.91,"Default Supplier",24.63
P0006,"Product P0006",Electronics,Default,383,36,26.89,"Default Supplier",36.31
P0007,"Product P0007",Electronics,Default,478,303,307.7,"Default Supplier",11.36
P0008,"Product P0008",Electronics,Default,217,209,215.04,"Default Supplier",63.1
P0009,"Product P0009",Electronics,Default,73,69,68.51,"Default Supplier",30.82
P0010,"Product P0010",Electronics,Default,467,143,139.44,"Default Supplier",23.73
P0011,"Product P0011",Clothing,Default,353,239,255.26,"Default Supplier",29.49
P0012,"Product P0012",Groceries,Default,471,192,188.72,"Default Supplier",74.42
P0013,"Product P0013",Clothing,Default,129,23,38.86,"Default Supplier",58.3
P0014,"Product P0014",Groceries,Default,301,165,160.46,"Default Supplier",60.58
P0015,"Product P0015",Groceries,Default,423,85,95.5,"Default Supplier",73.48
P0016,"Product P0016",Groceries,Default,385,79,86.62,"Default Supplier",16.18
P0017,"Product P0017",Toys,Default,74,33,43.64,"Default Supplier",38.52
P0018,"Product P0018",Electronics,Default,467,270,270.37,"Default Supplier",46.93
P0019,"Product P0019",Toys,Default,140,1,-3.91,"Default Supplier",80.41
P0020,"Product P0020",Clothing,Default,197,149,161.2,"Default Supplier",95.33
P0001,"Product P0001",Groceries,Default,159,3,18.12,"Default Supplier",36.3
P0002,"Product P0002",Electronics,Default,322,59,78.35,"Default Supplier",82.08
P0003,"Product P0003",Groceries,Default,106,15,25.13,"Default Supplier",46.4
P0004,"Product P0004",Groceries,Default,475,351,358.12,"Default Supplier",59.76
P0005,"Product P0005",Groceries,Default,83,66,63.37,"Default Supplier",60.35
P0006,"Product P0006",Groceries,Default,117,62,59.04,"Default Supplier",40.61
P0007,"Product P0007",Clothing,Default,368,77,95.69,"Default Supplier",63.61
P0008,"Product P0008",Electronics,Default,207,177,173.93,"Default Supplier",97.09
P0009,"Product P0009",Electronics,Default,398,349,350.47,"Default Supplier",52.72
P0010,"Product P0010",Groceries,Default,476,74,91.48,"Default Supplier",14.41
P0011,"Product P0011",Groceries,Default,119,40,43.92,"Default Supplier",74.14
P0012,"Product P0012",Toys,Default,77,72,68.01,"Default Supplier",46.94
P0013,"Product P0013",Toys,Default,191,190,205.54,"Default Supplier",23.04
P0014,"Product P0014",Toys,Default,419,263,263.83,"Default Supplier",28.02
P0015,"Product P0015",Toys,Default,184,126,143.76,"Default Supplier",86.82
P0016,"Product P0016",Clothing,Default,361,17,25.61,"Default Supplier",80.31
P0017,"Product P0017",Toys,Default,154,19,37.45,"Default Supplier",41.28
P0018,"Product P0018",Toys,Default,376,36,43.47,"Default Supplier",38.42
P0019,"Product P0019",Toys,Default,268,207,198.44,"Default Supplier",59.93
P0020,"Product P0020",Toys,Default,451,91,99.88,"Default Supplier",66.76
P0001,"Product P0001",Groceries,Default,85,58,52.87,"Default Supplier",77.88
P0002,"Product P0002",Electronics,Default,91,91,82.65,"Default Supplier",88.22
P0003,"Product P0003",Toys,Default,184,70,82.51,"Default Supplier",10.55
P0004,"Product P0004",Electronics,Default,209,0,15.37,"Default Supplier",44.81
P0005,"Product P0005",Electronics,Default,470,32,45.57,"Default Supplier",69.65
P0006,"Product P0006",Clothing,Default,127,8,0.54,"Default Supplier",53.35
P0007,"Product P0007",Groceries,Default,367,341,336.71,"Default Supplier",33.47
P0008,"Product P0008",Electronics,Default,404,347,350.96,"Default Supplier",61.1
P0009,"Product P0009",Groceries,Default,403,15,26.72,"Default Supplier",45.25
P0010,"Product P0010",Toys,Default,494,85,92.86,"Default Supplier",94.98
P0011,"Product P0011",Toys,Default,421,30,49.2,"Default Supplier",24.21
P0012,"Product P0012",Electronics,Default,150,136,140.64,"Default Supplier",66.07
P0013,"Product P0013",Toys,Default,94,31,46.7,"Default Supplier",34.68
P0014,"Product P0014",Clothing,Default,77,7,22.66,"Default Supplier",98.28
P0015,"Product P0015",Electronics,Default,430,377,371.89,"Default Supplier",87.24
P0016,"Product P0016",Groceries,Default,168,28,33.2,"Default Supplier",93.4
P0017,"Product P0017",Toys,Default,353,348,349.59,"Default Supplier",53.02
P0018,"Product P0018",Groceries,Default,380,258,258.58,"Default Supplier",58.54
P0019,"Product P0019",Toys,Default,127,41,50.38,"Default Supplier",63.29
P0020,"Product P0020",Electronics,Default,153,49,44.55,"Default Supplier",10.93
P0001,"Product P0001",Clothing,Default,108,83,85.5,"Default Supplier",45.49
P0002,"Product P0002",Furniture,Default,109,60,71.47,"Default Supplier",52.33
P0003,"Product P0003",Toys,Default,493,448,459.44,"Default Supplier",41.55
P0004,"Product P0004",Toys,Default,289,11,26.96,"Default Supplier",58.13
P0005,"Product P0005",Groceries,Default,425,390,407.4,"Default Supplier",25.67
P0006,"Product P0006",Clothing,Default,118,81,88.67,"Default Supplier",33.96
P0007,"Product P0007",Electronics,Default,449,121,132.54,"Default Supplier",81.35
P0008,"Product P0008",Groceries,Default,184,44,52.26,"Default Supplier",57.34
P0009,"Product P0009",Toys,Default,239,88,104.13,"Default Supplier",50.36
P0010,"Product P0010",Groceries,Default,216,142,138.75,"Default Supplier",51.34
P0011,"Product P0011",Toys,Default,291,48,48.65,"Default Supplier",13.09
P0012,"Product P0012",Electronics,Default,74,61,67.72,"Default Supplier",94.85
P0013,"Product P0013",Electronics,Default,429,140,151.22,"Default Supplier",16.47
P0014,"Product P0014",Toys,Default,467,390,408.18,"Default Supplier",82.15
P0015,"Product P0015",Toys,Default,121,91,93.99,"Default Supplier",61.13
P0016,"Product P0016",Groceries,Default,134,32,32.03,"Default Supplier",63.74
P0017,"Product P0017",Electronics,Default,152,60,54.96,"Default Supplier",66.78
P0018,"Product P0018",Clothing,Default,236,206,220.44,"Default Supplier",30.12
P0019,"Product P0019",Groceries,Default,253,108,107.84,"Default Supplier",31.26
P0020,"Product P0020",Furniture,Default,403,349,340.49,"Default Supplier",21.47
P0001,"Product P0001",Furniture,Default,335,271,276.13,"Default Supplier",81.01
P0002,"Product P0002",Electronics,Default,293,202,215.12,"Default Supplier",59.97
P0003,"Product P0003",Toys,Default,169,34,24.17,"Default Supplier",26.87
P0004,"Product P0004",Clothing,Default,294,165,164.1,"Default Supplier",99.12
P0005,"Product P0005",Groceries,Default,69,2,21.27,"Default Supplier",24.29
P0006,"Product P0006",Electronics,Default,328,308,323.67,"Default Supplier",18.48
P0007,"Product P0007",Toys,Default,173,76,75.54,"Default Supplier",54.73
P0008,"Product P0008",Toys,Default,108,91,95.55,"Default Supplier",59.61
P0009,"Product P0009",Furniture,Default,494,113,121.8,"Default Supplier",14.64
P0010,"Product P0010",Electronics,Default,366,274,268.6,"Default Supplier",63.63
P0011,"Product P0011",Toys,Default,441,116,128.01,"Default Supplier",95.99
P0012,"Product P0012",Electronics,Default,181,5,18.13,"Default Supplier",75.41
P0013,"Product P0013",Furniture,Default,330,115,111.27,"Default Supplier",24.19
P0014,"Product P0014",Clothing,Default,228,79,75.88,"Default Supplier",85.33
P0015,"Product P0015",Electronics,Default,344,223,235.42,"Default Supplier",15.58
P0016,"Product P0016",Furniture,Default,336,258,260.26,"Default Supplier",19.63
P0017,"Product P0017",Toys,Default,355,236,248.1,"Default Supplier",53.81
P0018,"Product P0018",Toys,Default,431,309,323.61,"Default Supplier",37.49
P0019,"Product P0019",Groceries,Default,172,32,26.96,"Default Supplier",38.2
P0020,"Product P0020",Clothing,Default,145,44,43.44,"Default Supplier",84.13
P0001,"Product P0001",Furniture,Default,487,145,154.43,"Default Supplier",20.39
P0002,"Product P0002",Groceries,Default,216,150,141.65,"Default Supplier",70.46
P0003,"Product P0003",Toys,Default,236,40,36.09,"Default Supplier",53.13
P0004,"Product P0004",Toys,Default,260,245,256.94,"Default Supplier",82
P0005,"Product P0005",Furniture,Default,435,241,255.72,"Default Supplier",75.55
P0006,"Product P0006",Groceries,Default,499,138,128.04,"Default Supplier",50.26
P0007,"Product P0007",Clothing,Default,180,152,157.24,"Default Supplier",56.58
P0008,"Product P0008",Furniture,Default,128,12,16.36,"Default Supplier",37.17
P0009,"Product P0009",Furniture,Default,291,158,158.23,"Default Supplier",82.75
P0010,"Product P0010",Clothing,Default,444,265,264.83,"Default Supplier",23.53
P0011,"Product P0011",Clothing,Default,281,240,243.7,"Default Supplier",56.3
P0012,"Product P0012",Toys,Default,189,153,145.17,"Default Supplier",94.09
P0013,"Product P0013",Groceries,Default,80,68,81.02,"Default Supplier",24.53
P0014,"Product P0014",Furniture,Default,314,302,300.24,"Default Supplier",70.33
P0015,"Product P0015",Clothing,Default,167,70,69.66,"Default Supplier",79.68
P0016,"Product P0016",Groceries,Default,129,92,89.92,"Default Supplier",25.69
P0017,"Product P0017",Clothing,Default,425,275,266.14,"Default Supplier",25.04
P0018,"Product P0018",Groceries,Default,103,3,20.62,"Default Supplier",56.02
P0019,"Product P0019",Groceries,Default,471,307,319.56,"Default Supplier",31.39
P0020,"Product P0020",Groceries,Default,364,62,68.97,"Default Supplier",86.86
P0001,"Product P0001",Furniture,Default,383,195,214.04,"Default Supplier",21.71
P0002,"Product P0002",Furniture,Default,495,33,36.13,"Default Supplier",40.56
P0003,"Product P0003",Toys,Default,439,263,266.77,"Default Supplier",29.2
P0004,"Product P0004",Toys,Default,101,83,97.81,"Default Supplier",82.18
P0005,"Product P0005",Toys,Default,292,78,85.65,"Default Supplier",45.85
P0006,"Product P0006",Clothing,Default,466,118,133.87,"Default Supplier",42.08
P0007,"Product P0007",Clothing,Default,175,147,141.44,"Default Supplier",51.22
P0008,"Product P0008",Furniture,Default,327,216,233.51,"Default Supplier",62.03
P0009,"Product P0009",Groceries,Default,194,27,26.91,"Default Supplier",36.53
P0010,"Product P0010",Electronics,Default,349,172,171.35,"Default Supplier",84.66
P0011,"Product P0011",Toys,Default,237,78,77.14,"Default Supplier",39.15
P0012,"Product P0012",Clothing,Default,220,196,187.61,"Default Supplier",45.65
P0013,"Product P0013",Groceries,Default,86,75,72.27,"Default Supplier",40.27
P0014,"Product P0014",Toys,Default,334,11,8.45,"Default Supplier",82.99
P0015,"Product P0015",Clothing,Default,186,144,150.43,"Default Supplier",60.15
P0016,"Product P0016",Electronics,Default,288,200,216.05,"Default Supplier",15.19
P0017,"Product P0017",Toys,Default,460,256,252.35,"Default Supplier",37.46
P0018,"Product P0018",Groceries,Default,482,118,137.7,"Default Supplier",34.44
P0019,"Product P0019",Toys,Default,278,244,259.18,"Default Supplier",84.99
P0020,"Product P0020",Furniture,Default,128,54,62.09,"Default Supplier",81.63
P0001,"Product P0001",Groceries,Default,238,147,150.27,"Default Supplier",28.46
P0002,"Product P0002",Toys,Default,270,220,237,"Default Supplier",79.54
P0003,"Product P0003",Toys,Default,216,97,101.54,"Default Supplier",80.57
P0004,"Product P0004",Electronics,Default,172,29,40.03,"Default Supplier",93.53
P0005,"Product P0005",Furniture,Default,405,192,193.38,"Default Supplier",46.13
P0006,"Product P0006",Toys,Default,338,158,168.84,"Default Supplier",60.2
P0007,"Product P0007",Groceries,Default,409,8,17.44,"Default Supplier",53.65
P0008,"Product P0008",Electronics,Default,102,42,35.11,"Default Supplier",59.2
P0009,"Product P0009",Furniture,Default,433,5,6.6,"Default Supplier",98.03
P0010,"Product P0010",Furniture,Default,288,93,85.66,"Default Supplier",32.6
P0011,"Product P0011",Groceries,Default,485,44,54.08,"Default Supplier",53.31
P0012,"Product P0012",Electronics,Default,414,78,76.67,"Default Supplier",93.96
P0013,"Product P0013",Toys,Default,370,57,55.73,"Default Supplier",83.3
P0014,"Product P0014",Toys,Default,233,161,155.79,"Default Supplier",12.66
P0015,"Product P0015",Toys,Default,272,172,183.33,"Default Supplier",55.77
P0016,"Product P0016",Groceries,Default,189,132,143.24,"Default Supplier",30.15
P0017,"Product P0017",Electronics,Default,120,46,53.06,"Default Supplier",63.75
P0018,"Product P0018",Groceries,Default,248,17,17.8,"Default Supplier",97.51
P0019,"Product P0019",Electronics,Default,492,38,47.82,"Default Supplier",49.8
P0020,"Product P0020",Toys,Default,355,11,4.5,"Default Supplier",33.3
P0001,"Product P0001",Furniture,Default,250,161,171.45,"Default Supplier",56.24
P0002,"Product P0002",Electronics,Default,182,101,92.92,"Default Supplier",43.43
P0003,"Product P0003",Electronics,Default,274,263,257.46,"Default Supplier",30.78
P0004,"Product P0004",Furniture,Default,148,32,25.88,"Default Supplier",82.85
P0005,"Product P0005",Clothing,Default,241,209,212.58,"Default Supplier",87.11
P0006,"Product P0006",Groceries,Default,131,24,22.17,"Default Supplier",56.68
P0007,"Product P0007",Groceries,Default,80,20,34.05,"Default Supplier",80.01
P0008,"Product P0008",Clothing,Default,483,148,145.1,"Default Supplier",41.24
P0009,"Product P0009",Toys,Default,228,100,109.92,"Default Supplier",96.96
P0010,"Product P0010",Toys,Default,202,129,119.12,"Default Supplier",87.69
P0011,"Product P0011",Furniture,Default,440,257,266.89,"Default Supplier",74.45
P0012,"Product P0012",Groceries,Default,264,262,269.59,"Default Supplier",53.28
P0013,"Product P0013",Toys,Default,296,200,214.64,"Default Supplier",25.38
P0014,"Product P0014",Groceries,Default,201,56,69.26,"Default Supplier",23.84
P0015,"Product P0015",Clothing,Default,70,24,17.01,"Default Supplier",52.21
P0016,"Product P0016",Furniture,Default,176,105,106.4,"Default Supplier",79.34
P0017,"Product P0017",Groceries,Default,399,294,302.77,"Default Supplier",13.13
P0018,"Product P0018",Groceries,Default,294,142,154.25,"Default Supplier",23.28
P0019,"Product P0019",Electronics,Default,222,55,68.88,"Default Supplier",67.3
P0020,"Product P0020",Electronics,Default,123,24,27.69,"Default Supplier",17.35
P0001,"Product P0001",Electronics,Default,388,53,47.35,"Default Supplier",93.06
P0002,"Product P0002",Groceries,Default,191,189,187.88,"Default Supplier",84.04
P0003,"Product P0003",Furniture,Default,370,146,155.15,"Default Supplier",25.75
P0004,"Product P0004",Furniture,Default,463,186,188.51,"Default Supplier",76.32
P0005,"Product P0005",Toys,Default,140,77,90.49,"Default Supplier",49.52
P0006,"Product P0006",Furniture,Default,314,225,220.06,"Default Supplier",93.81
P0007,"Product P0007",Clothing,Default,79,66,74.14,"Default Supplier",76.7
P0008,"Product P0008",Electronics,Default,411,35,35.46,"Default Supplier",24.28
P0009,"Product P0009",Electronics,Default,117,1,7.16,"Default Supplier",13.87
P0010,"Product P0010",Clothing,Default,109,95,90.43,"Default Supplier",14.93
P0011,"Product P0011",Electronics,Default,438,255,269.91,"Default Supplier",22.22
P0012,"Product P0012",Toys,Default,480,132,122.08,"Default Supplier",57.69
P0013,"Product P0013",Furniture,Default,284,234,232.6,"Default Supplier",80.36
P0014,"Product P0014",Furniture,Default,444,42,44.15,"Default Supplier",40.6
P0015,"Product P0015",Furniture,Default,278,25,28.28,"Default Supplier",86.8
P0016,"Product P0016",Toys,Default,202,30,29.93,"Default Supplier",30.33
P0017,"Product P0017",Toys,Default,192,28,18.54,"Default Supplier",29.03
P0018,"Product P0018",Groceries,Default,168,38,41.71,"Default Supplier",97.97
P0019,"Product P0019",Toys,Default,308,149,167.46,"Default Supplier",31.18
P0020,"Product P0020",Groceries,Default,286,192,205.67,"Default Supplier",65.34
P0001,"Product P0001",Toys,Default,201,198,212.56,"Default Supplier",57.58
P0002,"Product P0002",Electronics,Default,135,83,88.88,"Default Supplier",54.02
P0003,"Product P0003",Furniture,Default,258,97,102.13,"Default Supplier",69.96
P0004,"Product P0004",Toys,Default,357,173,190.9,"Default Supplier",51.07
P0005,"Product P0005",Electronics,Default,387,69,87.46,"Default Supplier",99.12
P0006,"Product P0006",Furniture,Default,378,256,271.82,"Default Supplier",77.59
P0007,"Product P0007",Electronics,Default,249,246,246.58,"Default Supplier",87.6
P0008,"Product P0008",Clothing,Default,448,332,343.03,"Default Supplier",43.67
P0009,"Product P0009",Toys,Default,348,325,321.15,"Default Supplier",89.52
P0010,"Product P0010",Groceries,Default,412,53,72.67,"Default Supplier",12.89
P0011,"Product P0011",Groceries,Default,344,17,26.69,"Default Supplier",92.7
P0012,"Product P0012",Toys,Default,475,223,241.25,"Default Supplier",31.47
P0013,"Product P0013",Electronics,Default,400,95,113.09,"Default Supplier",89.52
P0014,"Product P0014",Toys,Default,424,225,220.89,"Default Supplier",54.44
P0015,"Product P0015",Groceries,Default,441,216,207.56,"Default Supplier",21.75
P0016,"Product P0016",Electronics,Default,421,324,318.43,"Default Supplier",60.8
P0017,"Product P0017",Toys,Default,278,75,90.62,"Default Supplier",60.17
P0018,"Product P0018",Electronics,Default,319,158,170.15,"Default Supplier",19.17
P0019,"Product P0019",Electronics,Default,353,55,56.6,"Default Supplier",45.92
P0020,"Product P0020",Toys,Default,149,131,147.54,"Default Supplier",23.85
P0001,"Product P0001",Toys,Default,371,74,93.27,"Default Supplier",40.47
P0002,"Product P0002",Toys,Default,98,59,62.06,"Default Supplier",26.25
P0003,"Product P0003",Electronics,Default,318,150,145.3,"Default Supplier",82.08
P0004,"Product P0004",Groceries,Default,200,135,145.91,"Default Supplier",50.59
P0005,"Product P0005",Toys,Default,299,79,97.08,"Default Supplier",49.08
P0006,"Product P0006",Groceries,Default,392,62,68.41,"Default Supplier",12.38
P0007,"Product P0007",Clothing,Default,399,130,123.53,"Default Supplier",49.02
P0008,"Product P0008",Toys,Default,192,74,66.44,"Default Supplier",27.8
P0009,"Product P0009",Clothing,Default,149,16,34.95,"Default Supplier",59.13
P0010,"Product P0010",Furniture,Default,406,342,353.01,"Default Supplier",43.1
P0011,"Product P0011",Electronics,Default,91,48,51.37,"Default Supplier",13.33
P0012,"Product P0012",Clothing,Default,228,224,218.16,"Default Supplier",98.66
P0013,"Product P0013",Electronics,Default,68,64,71.81,"Default Supplier",39.8
P0014,"Product P0014",Toys,Default,358,322,316.68,"Default Supplier",86.26
P0015,"Product P0015",Toys,Default,361,264,258.32,"Default Supplier",85.81
P0016,"Product P0016",Electronics,Default,371,343,350.28,"Default Supplier",58.21
P0017,"Product P0017",Groceries,Default,231,15,26.67,"Default Supplier",74.42
P0018,"Product P0018",Toys,Default,269,90,105.45,"Default Supplier",53.06
P0019,"Product P0019",Clothing,Default,444,143,153,"Default Supplier",61.9
P0020,"Product P0020",Groceries,Default,243,36,47.12,"Default Supplier",53.65
P0001,"Product P0001",Electronics,Default,198,37,39.09,"Default Supplier",91.05
P0002,"Product P0002",Furniture,Default,262,230,228.65,"Default Supplier",47.32
P0003,"Product P0003",Toys,Default,91,58,50.51,"Default Supplier",54.78
P0004,"Product P0004",Furniture,Default,466,305,319.77,"Default Supplier",41.72
P0005,"Product P0005",Groceries,Default,129,120,115.29,"Default Supplier",37.57
P0006,"Product P0006",Toys,Default,57,2,1.05,"Default Supplier",83.4
P0007,"Product P0007",Electronics,Default,76,35,45.45,"Default Supplier",99.12
P0008,"Product P0008",Clothing,Default,445,171,184.96,"Default Supplier",34.4
P0009,"Product P0009",Furniture,Default,277,195,198.09,"Default Supplier",59.33
P0010,"Product P0010",Clothing,Default,204,97,98.82,"Default Supplier",33.79
P0011,"Product P0011",Toys,Default,200,177,173.24,"Default Supplier",60.79
P0012,"Product P0012",Groceries,Default,59,1,-8.37,"Default Supplier",63.21
P0013,"Product P0013",Furniture,Default,185,181,174.85,"Default Supplier",64.04
P0014,"Product P0014",Furniture,Default,201,100,115.25,"Default Supplier",46.65
P0015,"Product P0015",Furniture,Default,388,1,12.68,"Default Supplier",92.22
P0016,"Product P0016",Clothing,Default,481,429,425.85,"Default Supplier",28.27
P0017,"Product P0017",Electronics,Default,379,26,42.81,"Default Supplier",22.57
P0018,"Product P0018",Electronics,Default,423,176,172.13,"Default Supplier",81.55
P0019,"Product P0019",Furniture,Default,66,15,19.63,"Default Supplier",96.19
P0020,"Product P0020",Clothing,Default,98,2,2.68,"Default Supplier",79.76
P0001,"Product P0001",Furniture,Default,131,81,99.33,"Default Supplier",28.58
P0002,"Product P0002",Toys,Default,117,23,33.65,"Default Supplier",48.84
P0003,"Product P0003",Clothing,Default,71,65,71.43,"Default Supplier",60.75
P0004,"Product P0004",Groceries,Default,72,62,74.56,"Default Supplier",58.46
P0005,"Product P0005",Clothing,Default,106,76,83.08,"Default Supplier",17.93
P0006,"Product P0006",Toys,Default,377,136,126.54,"Default Supplier",49.22
P0007,"Product P0007",Furniture,Default,469,255,264.93,"Default Supplier",43.87
P0008,"Product P0008",Groceries,Default,392,244,253.18,"Default Supplier",63.54
P0009,"Product P0009",Toys,Default,415,173,177.37,"Default Supplier",40.94
P0010,"Product P0010",Toys,Default,350,330,337.59,"Default Supplier",65.09
P0011,"Product P0011",Clothing,Default,104,95,86.35,"Default Supplier",69.04
P0012,"Product P0012",Groceries,Default,223,144,144.02,"Default Supplier",43.15
P0013,"Product P0013",Groceries,Default,467,350,348.62,"Default Supplier",49.42
P0014,"Product P0014",Groceries,Default,372,240,248.45,"Default Supplier",76.27
P0015,"Product P0015",Furniture,Default,224,210,207.85,"Default Supplier",22.01
P0016,"Product P0016",Furniture,Default,270,59,54.77,"Default Supplier",91.94
P0017,"Product P0017",Groceries,Default,207,57,53.64,"Default Supplier",26.93
P0018,"Product P0018",Clothing,Default,120,57,72.49,"Default Supplier",93.1
P0019,"Product P0019",Electronics,Default,300,283,286.28,"Default Supplier",42.65
P0020,"Product P0020",Clothing,Default,246,203,215.81,"Default Supplier",99.48
P0001,"Product P0001",Furniture,Default,223,170,164.48,"Default Supplier",96.28
P0002,"Product P0002",Electronics,Default,110,30,26.5,"Default Supplier",55.36
P0003,"Product P0003",Furniture,Default,210,180,188.69,"Default Supplier",25.18
P0004,"Product P0004",Toys,Default,400,211,223.08,"Default Supplier",61.36
P0005,"Product P0005",Toys,Default,457,243,250.44,"Default Supplier",83.39
P0006,"Product P0006",Clothing,Default,285,7,4.5,"Default Supplier",10.97
P0007,"Product P0007",Furniture,Default,108,9,17.36,"Default Supplier",11.77
P0008,"Product P0008",Furniture,Default,463,231,248.13,"Default Supplier",23.44
P0009,"Product P0009",Electronics,Default,60,11,5.61,"Default Supplier",15.82
P0010,"Product P0010",Clothing,Default,148,18,34.24,"Default Supplier",55.5
P0011,"Product P0011",Clothing,Default,266,144,142.02,"Default Supplier",58.31
P0012,"Product P0012",Furniture,Default,111,26,34.8,"Default Supplier",61.61
P0013,"Product P0013",Toys,Default,479,61,68.73,"Default Supplier",83.41
P0014,"Product P0014",Furniture,Default,268,80,96.56,"Default Supplier",45.22
P0015,"Product P0015",Furniture,Default,490,476,478.76,"Default Supplier",20.66
P0016,"Product P0016",Groceries,Default,385,316,326.93,"Default Supplier",41.15
P0017,"Product P0017",Toys,Default,409,162,153.54,"Default Supplier",75.06
P0018,"Product P0018",Furniture,Default,221,51,48.33,"Default Supplier",11.07
P0019,"Product P0019",Furniture,Default,67,37,37.59,"Default Supplier",51.51
P0020,"Product P0020",Electronics,Default,283,63,71.1,"Default Supplier",95
P0001,"Product P0001",Groceries,Default,185,101,106.55,"Default Supplier",16.86
P0002,"Product P0002",Toys,Default,162,105,99.68,"Default Supplier",20.2
P0003,"Product P0003",Furniture,Default,405,134,149.31,"Default Supplier",38.42
P0004,"Product P0004",Electronics,Default,50,50,41.93,"Default Supplier",83.19
P0005,"Product P0005",Furniture,Default,384,220,237.94,"Default Supplier",79.42
P0006,"Product P0006",Clothing,Default,488,260,271.16,"Default Supplier",79.07
P0007,"Product P0007",Groceries,Default,129,80,87.51,"Default Supplier",68.16
P0008,"Product P0008",Clothing,Default,226,167,169.32,"Default Supplier",13.17
P0009,"Product P0009",Furniture,Default,207,166,178.91,"Default Supplier",90.13
P0010,"Product P0010",Clothing,Default,490,49,62.86,"Default Supplier",97.69
P0011,"Product P0011",Electronics,Default,293,26,17.28,"Default Supplier",46.28
P0012,"Product P0012",Clothing,Default,483,73,90.39,"Default Supplier",77.85
P0013,"Product P0013",Toys,Default,389,257,276.75,"Default Supplier",23.32
P0014,"Product P0014",Groceries,Default,126,50,66.22,"Default Supplier",75.87
P0015,"Product P0015",Furniture,Default,304,49,66.88,"Default Supplier",90.79
P0016,"Product P0016",Electronics,Default,69,24,36.79,"Default Supplier",81.37
P0017,"Product P0017",Electronics,Default,220,192,207.13,"Default Supplier",33.34
P0018,"Product P0018",Electronics,Default,427,47,39.88,"Default Supplier",95.48
P0019,"Product P0019",Furniture,Default,411,325,341.07,"Default Supplier",33.58
P0020,"Product P0020",Furniture,Default,261,150,162.92,"Default Supplier",29.27
P0001,"Product P0001",Clothing,Default,333,195,213.22,"Default Supplier",34.92
P0002,"Product P0002",Furniture,Default,387,35,32.63,"Default Supplier",92.42
P0003,"Product P0003",Clothing,Default,186,96,106.59,"Default Supplier",60.14
P0004,"Product P0004",Electronics,Default,313,219,212.71,"Default Supplier",69.02
P0005,"Product P0005",Toys,Default,121,14,33.09,"Default Supplier",52.41
P0006,"Product P0006",Toys,Default,475,14,10.62,"Default Supplier",58.85
P0007,"Product P0007",Groceries,Default,87,39,33.84,"Default Supplier",58.4
P0008,"Product P0008",Toys,Default,279,162,181.89,"Default Supplier",81.97
P0009,"Product P0009",Toys,Default,87,70,81.01,"Default Supplier",46.58
P0010,"Product P0010",Toys,Default,94,64,67.98,"Default Supplier",53.15
P0011,"Product P0011",Clothing,Default,248,83,94.6,"Default Supplier",86.35
P0012,"Product P0012",Groceries,Default,385,171,165.78,"Default Supplier",57.72
P0013,"Product P0013",Furniture,Default,395,101,92.71,"Default Supplier",89.13
P0014,"Product P0014",Furniture,Default,134,128,147.93,"Default Supplier",25.88
P0015,"Product P0015",Electronics,Default,185,7,13.56,"Default Supplier",38.71
P0016,"Product P0016",Clothing,Default,223,15,29.69,"Default Supplier",97.79
P0017,"Product P0017",Furniture,Default,495,250,250,"Default Supplier",49.83
P0018,"Product P0018",Furniture,Default,200,192,188.42,"Default Supplier",41.02
P0019,"Product P0019",Toys,Default,244,149,150.77,"Default Supplier",50.18
P0020,"Product P0020",Furniture,Default,74,7,6.64,"Default Supplier",92.93
P0001,"Product P0001",Furniture,Default,195,107,117.92,"Default Supplier",53.99
P0002,"Product P0002",Clothing,Default,255,115,125.73,"Default Supplier",80.82
P0003,"Product P0003",Electronics,Default,487,32,33.38,"Default Supplier",63.07
P0004,"Product P0004",Furniture,Default,339,307,303.88,"Default Supplier",10.74
P0005,"Product P0005",Clothing,Default,120,92,88.38,"Default Supplier",29.63
P0006,"Product P0006",Furniture,Default,399,23,22.3,"Default Supplier",27.88
P0007,"Product P0007",Clothing,Default,461,429,440.06,"Default Supplier",50.47
P0008,"Product P0008",Clothing,Default,193,64,67.54,"Default Supplier",37.99
P0009,"Product P0009",Electronics,Default,402,242,258.36,"Default Supplier",48.3
P0010,"Product P0010",Groceries,Default,438,20,39.58,"Default Supplier",55.07
P0011,"Product P0011",Clothing,Default,275,102,107.22,"Default Supplier",73.88
P0012,"Product P0012",Groceries,Default,446,118,137.16,"Default Supplier",65.47
P0013,"Product P0013",Toys,Default,137,71,70.21,"Default Supplier",37.22
P0014,"Product P0014",Electronics,Default,189,115,129.39,"Default Supplier",51.17
P0015,"Product P0015",Electronics,Default,311,128,133.63,"Default Supplier",12.36
P0016,"Product P0016",Clothing,Default,178,161,166.56,"Default Supplier",82.49
P0017,"Product P0017",Furniture,Default,299,66,74.5,"Default Supplier",13.81
P0018,"Product P0018",Toys,Default,109,87,98.78,"Default Supplier",58.5
P0019,"Product P0019",Toys,Default,159,46,54.36,"Default Supplier",65.57
P0020,"Product P0020",Electronics,Default,402,124,142,"Default Supplier",52.47
P0001,"Product P0001",Toys,Default,394,150,153.84,"Default Supplier",85.79
P0002,"Product P0002",Furniture,Default,461,67,79.73,"Default Supplier",73.73
P0003,"Product P0003",Electronics,Default,85,72,80.31,"Default Supplier",42.82
P0004,"Product P0004",Groceries,Default,301,114,127.05,"Default Supplier",93.78
P0005,"Product P0005",Furniture,Default,183,119,121.76,"Default Supplier",42.56
P0006,"Product P0006",Toys,Default,429,68,65.93,"Default Supplier",38.51
P0007,"Product P0007",Electronics,Default,263,211,207.06,"Default Supplier",49.35
P0008,"Product P0008",Toys,Default,74,46,59.22,"Default Supplier",96.55
P0009,"Product P0009",Groceries,Default,332,117,118.21,"Default Supplier",72.01
P0010,"Product P0010",Groceries,Default,218,116,111.17,"Default Supplier",85.36
P0011,"Product P0011",Clothing,Default,272,53,46.56,"Default Supplier",30.33
P0012,"Product P0012",Toys,Default,365,137,128.13,"Default Supplier",80.92
P0013,"Product P0013",Furniture,Default,176,143,155.52,"Default Supplier",45.69
P0014,"Product P0014",Electronics,Default,357,152,145.38,"Default Supplier",39.53
P0015,"Product P0015",Electronics,Default,288,39,57.62,"Default Supplier",74.81
P0016,"Product P0016",Furniture,Default,212,211,215.38,"Default Supplier",41.54
P0017,"Product P0017",Electronics,Default,103,100,106.28,"Default Supplier",79.73
P0018,"Product P0018",Furniture,Default,222,73,82.5,"Default Supplier",78.75
P0019,"Product P0019",Groceries,Default,144,122,119.27,"Default Supplier",12.31
P0020,"Product P0020",Groceries,Default,90,86,91.01,"Default Supplier",61.14
P0001,"Product P0001",Clothing,Default,388,39,49.7,"Default Supplier",66.68
P0002,"Product P0002",Furniture,Default,427,145,143.9,"Default Supplier",84.95
P0003,"Product P0003",Clothing,Default,92,4,20.75,"Default Supplier",85.2
P0004,"Product P0004",Furniture,Default,121,8,12.47,"Default Supplier",42.9
P0005,"Product P0005",Toys,Default,340,298,305.17,"Default Supplier",82.07
P0006,"Product P0006",Electronics,Default,187,175,194.41,"Default Supplier",73.39
P0007,"Product P0007",Groceries,Default,177,177,189.57,"Default Supplier",40.45
P0008,"Product P0008",Electronics,Default,172,154,154.77,"Default Supplier",12.48
P0009,"Product P0009",Furniture,Default,113,24,15.08,"Default Supplier",32.44
P0010,"Product P0010",Furniture,Default,74,63,72.14,"Default Supplier",61.85
P0011,"Product P0011",Electronics,Default,391,29,47.24,"Default Supplier",35.12
P0012,"Product P0012",Clothing,Default,158,52,43.5,"Default Supplier",14.89
P0013,"Product P0013",Groceries,Default,244,59,58.25,"Default Supplier",18.4
P0014,"Product P0014",Groceries,Default,135,48,41.05,"Default Supplier",83.95
P0015,"Product P0015",Toys,Default,270,71,70.58,"Default Supplier",83.65
P0016,"Product P0016",Electronics,Default,240,86,90.58,"Default Supplier",16.24
P0017,"Product P0017",Clothing,Default,437,12,22.96,"Default Supplier",34.38
P0018,"Product P0018",Electronics,Default,394,336,334.26,"Default Supplier",72.54
P0019,"Product P0019",Furniture,Default,317,35,41.58,"Default Supplier",80.19
P0020,"Product P0020",Toys,Default,268,20,16.38,"Default Supplier",93.99
P0001,"Product P0001",Toys,Default,164,13,5.38,"Default Supplier",91.6
P0002,"Product P0002",Toys,Default,61,46,42.15,"Default Supplier",79.31
P0003,"Product P0003",Electronics,Default,81,49,47.54,"Default Supplier",63.03
P0004,"Product P0004",Groceries,Default,146,92,92.42,"Default Supplier",44.43
P0005,"Product P0005",Clothing,Default,117,108,116.84,"Default Supplier",80.61
P0006,"Product P0006",Groceries,Default,453,343,355.68,"Default Supplier",59.12
P0007,"Product P0007",Groceries,Default,182,83,100.55,"Default Supplier",43.98
P0008,"Product P0008",Toys,Default,231,72,75.46,"Default Supplier",32.77
P0009,"Product P0009",Clothing,Default,442,186,202.77,"Default Supplier",48.29
P0010,"Product P0010",Groceries,Default,126,50,69.29,"Default Supplier",54.76
P0011,"Product P0011",Clothing,Default,88,80,74.64,"Default Supplier",82.63
P0012,"Product P0012",Clothing,Default,113,36,50.79,"Default Supplier",83.16
P0013,"Product P0013",Groceries,Default,371,188,206.34,"Default Supplier",88.58
P0014,"Product P0014",Toys,Default,242,227,230.9,"Default Supplier",60.49
P0015,"Product P0015",Groceries,Default,495,174,171.72,"Default Supplier",99.47
P0016,"Product P0016",Furniture,Default,323,139,157.56,"Default Supplier",82.21
P0017,"Product P0017",Furniture,Default,53,4,2.05,"Default Supplier",94.56
P0018,"Product P0018",Furniture,Default,94,70,61.63,"Default Supplier",66.34
P0019,"Product P0019",Groceries,Default,183,12,5.57,"Default Supplier",77.11
P0020,"Product P0020",Toys,Default,296,162,166.99,"Default Supplier",94.18
P0001,"Product P0001",Groceries,Default,227,97,97.73,"Default Supplier",41.28
P0002,"Product P0002",Electronics,Default,406,297,295.38,"Default Supplier",71.78
P0003,"Product P0003",Furniture,Default,342,197,208.73,"Default Supplier",31.15
P0004,"Product P0004",Clothing,Default,125,32,28.25,"Default Supplier",85.3
P0005,"Product P0005",Toys,Default,140,131,138.96,"Default Supplier",60.88
P0006,"Product P0006",Electronics,Default,370,284,303.93,"Default Supplier",49.36
P0007,"Product P0007",Toys,Default,441,246,260.89,"Default Supplier",76.42
P0008,"Product P0008",Clothing,Default,498,139,158.49,"Default Supplier",95.46
P0009,"Product P0009",Furniture,Default,213,182,176.48,"Default Supplier",25.51
P0010,"Product P0010",Furniture,Default,260,164,155.35,"Default Supplier",61.24
P0011,"Product P0011",Furniture,Default,453,438,456.22,"Default Supplier",81.95
P0012,"Product P0012",Groceries,Default,454,59,52.42,"Default Supplier",51.76
P0013,"Product P0013",Toys,Default,129,88,89.85,"Default Supplier",47.68
P0014,"Product P0014",Electronics,Default,272,211,227.28,"Default Supplier",61.07
P0015,"Product P0015",Electronics,Default,206,161,172.67,"Default Supplier",63.13
P0016,"Product P0016",Furniture,Default,170,111,105.03,"Default Supplier",38.22
P0017,"Product P0017",Groceries,Default,453,186,189.39,"Default Supplier",78.41
P0018,"Product P0018",Clothing,Default,159,30,24.11,"Default Supplier",44.62
P0019,"Product P0019",Furniture,Default,60,33,33.96,"Default Supplier",31.44
P0020,"Product P0020",Groceries,Default,248,126,122.01,"Default Supplier",38.55
P0001,"Product P0001",Furniture,Default,231,2,0.84,"Default Supplier",66.3
P0002,"Product P0002",Groceries,Default,55,33,44.32,"Default Supplier",72.12
P0003,"Product P0003",Electronics,Default,338,123,135.43,"Default Supplier",39.4
P0004,"Product P0004",Toys,Default,420,79,89.99,"Default Supplier",40.63
P0005,"Product P0005",Groceries,Default,355,217,236.6,"Default Supplier",20.73
P0006,"Product P0006",Electronics,Default,104,14,26.24,"Default Supplier",53.8
P0007,"Product P0007",Furniture,Default,264,172,171.54,"Default Supplier",13.51
P0008,"Product P0008",Toys,Default,215,58,55.22,"Default Supplier",14.55
P0009,"Product P0009",Electronics,Default,375,162,160.95,"Default Supplier",22.53
P0010,"Product P0010",Furniture,Default,253,186,185.53,"Default Supplier",64.49
P0011,"Product P0011",Furniture,Default,357,106,96.63,"Default Supplier",22.11
P0012,"Product P0012",Furniture,Default,264,229,226.07,"Default Supplier",79.77
P0013,"Product P0013",Electronics,Default,332,261,275.59,"Default Supplier",76.62
P0014,"Product P0014",Furniture,Default,290,142,140.55,"Default Supplier",49.74
P0015,"Product P0015",Groceries,Default,368,255,263.26,"Default Supplier",10.98
P0016,"Product P0016",Electronics,Default,361,42,48.81,"Default Supplier",32.13
P0017,"Product P0017",Clothing,Default,467,248,252.57,"Default Supplier",42.26
P0018,"Product P0018",Furniture,Default,296,58,65.67,"Default Supplier",79.68
P0019,"Product P0019",Furniture,Default,440,127,136.09,"Default Supplier",12.22
P0020,"Product P0020",Groceries,Default,348,151,154.58,"Default Supplier",65.67
P0001,"Product P0001",Groceries,Default,349,341,348.41,"Default Supplier",90.22
P0002,"Product P0002",Toys,Default,384,134,136.47,"Default Supplier",91.27
P0003,"Product P0003",Electronics,Default,369,64,65.36,"Default Supplier",75.69
P0004,"Product P0004",Groceries,Default,414,298,291.97,"Default Supplier",41.52
P0005,"Product P0005",Toys,Default,314,107,100.71,"Default Supplier",35.32
P0006,"Product P0006",Groceries,Default,300,233,252.44,"Default Supplier",52.87
P0007,"Product P0007",Furniture,Default,208,18,24.31,"Default Supplier",74.31
P0008,"Product P0008",Electronics,Default,405,278,269.15,"Default Supplier",74.62
P0009,"Product P0009",Groceries,Default,371,241,236.08,"Default Supplier",68.99
P0010,"Product P0010",Toys,Default,57,23,25.74,"Default Supplier",91.77
P0011,"Product P0011",Electronics,Default,64,7,-2.99,"Default Supplier",92.43
P0012,"Product P0012",Clothing,Default,294,13,3.77,"Default Supplier",35.54
P0013,"Product P0013",Furniture,Default,348,91,88.65,"Default Supplier",97.17
P0014,"Product P0014",Clothing,Default,210,25,28.83,"Default Supplier",70.89
P0015,"Product P0015",Toys,Default,339,117,136.52,"Default Supplier",74.19
P0016,"Product P0016",Clothing,Default,125,34,42.41,"Default Supplier",24.24
P0017,"Product P0017",Groceries,Default,160,153,167.47,"Default Supplier",81.09
P0018,"Product P0018",Clothing,Default,471,351,341.29,"Default Supplier",97.91
P0019,"Product P0019",Toys,Default,411,285,300.58,"Default Supplier",20.87
P0020,"Product P0020",Toys,Default,314,188,182.25,"Default Supplier",89.75
P0001,"Product P0001",Clothing,Default,370,264,282.53,"Default Supplier",72.31
P0002,"Product P0002",Furniture,Default,327,50,63.85,"Default Supplier",75.25
P0003,"Product P0003",Electronics,Default,216,12,8.86,"Default Supplier",46.2
P0004,"Product P0004",Clothing,Default,435,250,245.77,"Default Supplier",29.64
P0005,"Product P0005",Furniture,Default,477,271,284.27,"Default Supplier",73.61
P0006,"Product P0006",Clothing,Default,363,189,196.74,"Default Supplier",74.7
P0007,"Product P0007",Groceries,Default,418,324,327.28,"Default Supplier",73.57
P0008,"Product P0008",Clothing,Default,496,454,463.17,"Default Supplier",19.84
P0009,"Product P0009",Electronics,Default,176,104,107.37,"Default Supplier",84.48
P0010,"Product P0010",Groceries,Default,84,6,24.13,"Default Supplier",88.54
P0011,"Product P0011",Furniture,Default,482,480,480.66,"Default Supplier",74.14
P0012,"Product P0012",Furniture,Default,55,3,7.02,"Default Supplier",16.46
P0013,"Product P0013",Groceries,Default,303,11,17.37,"Default Supplier",87.77
P0014,"Product P0014",Furniture,Default,364,60,64.74,"Default Supplier",20.31
P0015,"Product P0015",Electronics,Default,233,47,44.21,"Default Supplier",97.72
P0016,"Product P0016",Clothing,Default,81,36,33.1,"Default Supplier",26.65
P0017,"Product P0017",Electronics,Default,93,85,81.22,"Default Supplier",15.63
P0018,"Product P0018",Toys,Default,117,61,57.16,"Default Supplier",53.53
P0019,"Product P0019",Toys,Default,109,66,70.44,"Default Supplier",22.67
P0020,"Product P0020",Electronics,Default,156,119,122.65,"Default Supplier",21.01
P0001,"Product P0001",Clothing,Default,62,23,28.07,"Default Supplier",24.71
P0002,"Product P0002",Toys,Default,74,25,27.36,"Default Supplier",83.18
P0003,"Product P0003",Groceries,Default,280,214,220.31,"Default Supplier",22.27
P0004,"Product P0004",Furniture,Default,470,450,455.48,"Default Supplier",88.87
P0005,"Product P0005",Groceries,Default,183,148,149.58,"Default Supplier",11.43
P0006,"Product P0006",Furniture,Default,109,69,83.8,"Default Supplier",20.5
P0007,"Product P0007",Electronics,Default,152,97,99.28,"Default Supplier",56.84
P0008,"Product P0008",Groceries,Default,203,161,170.06,"Default Supplier",39.81
P0009,"Product P0009",Clothing,Default,102,97,96.05,"Default Supplier",65.64
P0010,"Product P0010",Electronics,Default,393,170,162.77,"Default Supplier",15.27
P0011,"Product P0011",Toys,Default,317,132,135.34,"Default Supplier",32.2
P0012,"Product P0012",Furniture,Default,163,145,147.73,"Default Supplier",92.42
P0013,"Product P0013",Electronics,Default,386,331,342,"Default Supplier",20.13
P0014,"Product P0014",Furniture,Default,311,256,267.54,"Default Supplier",51.94
P0015,"Product P0015",Electronics,Default,338,135,128.97,"Default Supplier",19.51
P0016,"Product P0016",Electronics,Default,329,163,166.53,"Default Supplier",81.94
P0017,"Product P0017",Toys,Default,111,105,113.96,"Default Supplier",94.97
P0018,"Product P0018",Toys,Default,190,39,37.83,"Default Supplier",65.26
P0019,"Product P0019",Groceries,Default,353,41,40.63,"Default Supplier",21.49
P0020,"Product P0020",Groceries,Default,176,59,71.18,"Default Supplier",30.67
P0001,"Product P0001",Toys,Default,107,53,62.9,"Default Supplier",21.2
P0002,"Product P0002",Clothing,Default,196,149,142.88,"Default Supplier",48.65
P0003,"Product P0003",Toys,Default,341,208,202.85,"Default Supplier",61.05
P0004,"Product P0004",Electronics,Default,401,61,70.2,"Default Supplier",57.98
P0005,"Product P0005",Groceries,Default,459,211,207.67,"Default Supplier",10.83
P0006,"Product P0006",Furniture,Default,323,223,232.03,"Default Supplier",61.72
P0007,"Product P0007",Toys,Default,112,93,105.58,"Default Supplier",42.82
P0008,"Product P0008",Groceries,Default,297,150,162.16,"Default Supplier",74
P0009,"Product P0009",Toys,Default,489,147,141.76,"Default Supplier",21.5
P0010,"Product P0010",Clothing,Default,254,209,201.37,"Default Supplier",72.32
P0011,"Product P0011",Groceries,Default,137,40,55.57,"Default Supplier",50.72
P0012,"Product P0012",Toys,Default,314,8,1.3,"Default Supplier",44.41
P0013,"Product P0013",Groceries,Default,365,241,239.85,"Default Supplier",95.4
P0014,"Product P0014",Groceries,Default,177,8,4.09,"Default Supplier",72.93
P0015,"Product P0015",Groceries,Default,307,230,241.79,"Default Supplier",96.08
P0016,"Product P0016",Clothing,Default,101,89,91.65,"Default Supplier",19.72
P0017,"Product P0017",Clothing,Default,377,116,126.12,"Default Supplier",60.49
P0018,"Product P0018",Furniture,Default,448,125,131.84,"Default Supplier",88.88
P0019,"Product P0019",Furniture,Default,135,83,100.37,"Default Supplier",42.53
P0020,"Product P0020",Groceries,Default,383,96,107.46,"Default Supplier",20.84
P0001,"Product P0001",Electronics,Default,373,350,352.24,"Default Supplier",41.72
P0002,"Product P0002",Clothing,Default,142,9,28.55,"Default Supplier",96.33
P0003,"Product P0003",Toys,Default,153,153,147.91,"Default Supplier",18.67
P0004,"Product P0004",Groceries,Default,410,5,17.43,"Default Supplier",64.74
P0005,"Product P0005",Toys,Default,471,343,353.75,"Default Supplier",83.56
P0006,"Product P0006",Groceries,Default,199,45,41.19,"Default Supplier",59.23
P0007,"Product P0007",Electronics,Default,81,81,98.81,"Default Supplier",34.2
P0008,"Product P0008",Clothing,Default,247,194,202.27,"Default Supplier",83.93
P0009,"Product P0009",Clothing,Default,285,169,171.32,"Default Supplier",75.93
P0010,"Product P0010",Toys,Default,97,40,38.87,"Default Supplier",69.78
P0011,"Product P0011",Groceries,Default,361,106,123.38,"Default Supplier",52.18
P0012,"Product P0012",Electronics,Default,94,50,56.16,"Default Supplier",13.88
P0013,"Product P0013",Toys,Default,219,85,90.58,"Default Supplier",44.84
P0014,"Product P0014",Electronics,Default,194,51,68.07,"Default Supplier",78.24
P0015,"Product P0015",Toys,Default,424,342,340.97,"Default Supplier",44.74
P0016,"Product P0016",Electronics,Default,458,98,100.51,"Default Supplier",52.49
P0017,"Product P0017",Electronics,Default,487,418,433.88,"Default Supplier",91.79
P0018,"Product P0018",Clothing,Default,363,316,306.77,"Default Supplier",52.06
P0019,"Product P0019",Groceries,Default,317,284,292.13,"Default Supplier",37.43
P0020,"Product P0020",Toys,Default,351,55,66.56,"Default Supplier",10.99
P0001,"Product P0001",Groceries,Default,361,155,149.74,"Default Supplier",78.43
P0002,"Product P0002",Toys,Default,93,29,25.81,"Default Supplier",96.63
P0003,"Product P0003",Electronics,Default,204,50,62.18,"Default Supplier",58.55
P0004,"Product P0004",Electronics,Default,240,137,144.48,"Default Supplier",60.26
P0005,"Product P0005",Toys,Default,478,242,249.33,"Default Supplier",94.9
P0006,"Product P0006",Groceries,Default,170,71,69.31,"Default Supplier",95.07
P0007,"Product P0007",Clothing,Default,332,237,256.19,"Default Supplier",91.4
P0008,"Product P0008",Electronics,Default,116,45,35.45,"Default Supplier",81.13
P0009,"Product P0009",Electronics,Default,306,252,258.01,"Default Supplier",72.99
P0010,"Product P0010",Electronics,Default,376,222,212.54,"Default Supplier",11.3
P0011,"Product P0011",Clothing,Default,450,334,345.11,"Default Supplier",91.41
P0012,"Product P0012",Electronics,Default,201,45,44.15,"Default Supplier",51.28
P0013,"Product P0013",Furniture,Default,344,270,289.15,"Default Supplier",26.81
P0014,"Product P0014",Toys,Default,330,87,93.59,"Default Supplier",23.4
P0015,"Product P0015",Electronics,Default,443,270,264.3,"Default Supplier",71.86
P0016,"Product P0016",Furniture,Default,219,178,179.94,"Default Supplier",52.98
P0017,"Product P0017",Electronics,Default,100,50,62.54,"Default Supplier",48.77
P0018,"Product P0018",Furniture,Default,96,95,103.86,"Default Supplier",45.68
P0019,"Product P0019",Clothing,Default,491,45,46.59,"Default Supplier",15.25
P0020,"Product P0020",Clothing,Default,421,391,397.01,"Default Supplier",99.92
P0001,"Product P0001",Clothing,Default,139,112,106.74,"Default Supplier",84.48
P0002,"Product P0002",Groceries,Default,363,337,336.29,"Default Supplier",45.42
P0003,"Product P0003",Groceries,Default,159,98,112.01,"Default Supplier",71.37
P0004,"Product P0004",Electronics,Default,252,34,43.23,"Default Supplier",30.87
P0005,"Product P0005",Furniture,Default,418,4,-1.33,"Default Supplier",60.22
P0006,"Product P0006",Toys,Default,248,65,59.54,"Default Supplier",82.33
P0007,"Product P0007",Clothing,Default,440,21,13.86,"Default Supplier",51.57
P0008,"Product P0008",Clothing,Default,267,100,106.79,"Default Supplier",22.73
P0009,"Product P0009",Electronics,Default,427,331,343.88,"Default Supplier",32.9
P0010,"Product P0010",Toys,Default,60,40,51.32,"Default Supplier",85.57
P0011,"Product P0011",Clothing,Default,421,48,63.04,"Default Supplier",87.39
P0012,"Product P0012",Electronics,Default,398,393,388.39,"Default Supplier",78.81
P0013,"Product P0013",Groceries,Default,223,116,126.41,"Default Supplier",26.29
P0014,"Product P0014",Electronics,Default,495,198,205.97,"Default Supplier",82.3
P0015,"Product P0015",Electronics,Default,90,67,68.42,"Default Supplier",15.65
P0016,"Product P0016",Clothing,Default,227,55,73.48,"Default Supplier",63.07
P0017,"Product P0017",Clothing,Default,488,312,312.76,"Default Supplier",27.22
P0018,"Product P0018",Groceries,Default,260,169,179.09,"Default Supplier",35.56
P0019,"Product P0019",Furniture,Default,419,141,160.89,"Default Supplier",32.55
P0020,"Product P0020",Electronics,Default,486,225,216.77,"Default Supplier",83.51
P0001,"Product P0001",Clothing,Default,391,253,250.85,"Default Supplier",80.62
P0002,"Product P0002",Toys,Default,211,74,89.7,"Default Supplier",98.46
P0003,"Product P0003",Toys,Default,306,58,64.75,"Default Supplier",89.88
P0004,"Product P0004",Electronics,Default,311,117,121.07,"Default Supplier",52.5
P0005,"Product P0005",Electronics,Default,387,242,239.56,"Default Supplier",97.22
P0006,"Product P0006",Electronics,Default,120,97,108.83,"Default Supplier",65.21
P0007,"Product P0007",Clothing,Default,393,239,236.49,"Default Supplier",59.25
P0008,"Product P0008",Clothing,Default,310,307,319.38,"Default Supplier",46.11
P0009,"Product P0009",Toys,Default,436,250,247.52,"Default Supplier",88.74
P0010,"Product P0010",Furniture,Default,356,57,70.92,"Default Supplier",72.52
P0011,"Product P0011",Furniture,Default,203,156,153.2,"Default Supplier",34.38
P0012,"Product P0012",Toys,Default,259,175,192.43,"Default Supplier",53.55
P0013,"Product P0013",Electronics,Default,192,6,5.33,"Default Supplier",40.8
P0014,"Product P0014",Toys,Default,470,3,14.41,"Default Supplier",22.99
P0015,"Product P0015",Electronics,Default,173,14,23.41,"Default Supplier",94.54
P0016,"Product P0016",Toys,Default,218,85,82.18,"Default Supplier",45.82
P0017,"Product P0017",Toys,Default,241,222,219.47,"Default Supplier",75.5
P0018,"Product P0018",Groceries,Default,416,259,271.23,"Default Supplier",19.47
P0019,"Product P0019",Furniture,Default,313,59,73.6,"Default Supplier",89.82
P0020,"Product P0020",Toys,Default,249,245,250.65,"Default Supplier",61.06
P0001,"Product P0001",Toys,Default,412,408,407.25,"Default Supplier",89.6
P0002,"Product P0002",Clothing,Default,359,178,172.45,"Default Supplier",78.44
P0003,"Product P0003",Clothing,Default,107,28,43.08,"Default Supplier",13.88
P0004,"Product P0004",Toys,Default,175,72,74.53,"Default Supplier",21.72
P0005,"Product P0005",Furniture,Default,267,101,106.31,"Default Supplier",90.11
P0006,"Product P0006",Clothing,Default,266,151,157.09,"Default Supplier",55.34
P0007,"Product P0007",Electronics,Default,463,384,382.37,"Default Supplier",40.06
P0008,"Product P0008",Furniture,Default,131,123,132.65,"Default Supplier",49.76
P0009,"Product P0009",Toys,Default,249,207,199.24,"Default Supplier",88.92
P0010,"Product P0010",Toys,Default,225,98,94.99,"Default Supplier",91.41
P0011,"Product P0011",Clothing,Default,418,338,330.41,"Default Supplier",54.48
P0012,"Product P0012",Groceries,Default,156,152,159.59,"Default Supplier",95.44
P0013,"Product P0013",Clothing,Default,278,253,269.96,"Default Supplier",41.74
P0014,"Product P0014",Electronics,Default,486,304,296.09,"Default Supplier",55.76
P0015,"Product P0015",Electronics,Default,80,19,36.63,"Default Supplier",10.4
P0016,"Product P0016",Clothing,Default,282,222,215.32,"Default Supplier",41.91
P0017,"Product P0017",Electronics,Default,412,200,196.83,"Default Supplier",50.57
P0018,"Product P0018",Electronics,Default,281,113,129.24,"Default Supplier",79.83
P0019,"Product P0019",Furniture,Default,274,148,164.34,"Default Supplier",34.29
P0020,"Product P0020",Furniture,Default,445,214,220.09,"Default Supplier",17.26
P0001,"Product P0001",Electronics,Default,327,36,39.5,"Default Supplier",32.68
P0002,"Product P0002",Toys,Default,222,183,173.86,"Default Supplier",42.03
P0003,"Product P0003",Groceries,Default,120,38,31.02,"Default Supplier",29.15
P0004,"Product P0004",Electronics,Default,147,18,15.62,"Default Supplier",74.05
P0005,"Product P0005",Toys,Default,120,59,76.93,"Default Supplier",23.43
P0006,"Product P0006",Toys,Default,346,151,150.5,"Default Supplier",27.82
P0007,"Product P0007",Clothing,Default,481,323,317.12,"Default Supplier",84.01
P0008,"Product P0008",Furniture,Default,318,76,70.45,"Default Supplier",48.96
P0009,"Product P0009",Toys,Default,170,138,141.94,"Default Supplier",43.24
P0010,"Product P0010",Clothing,Default,324,113,111.02,"Default Supplier",63.67
P0011,"Product P0011",Clothing,Default,393,88,89.39,"Default Supplier",11.14
P0012,"Product P0012",Groceries,Default,444,16,8.63,"Default Supplier",18.93
P0013,"Product P0013",Clothing,Default,495,284,294.19,"Default Supplier",86.6
P0014,"Product P0014",Furniture,Default,282,269,288.12,"Default Supplier",24.95
P0015,"Product P0015",Clothing,Default,413,381,394,"Default Supplier",56.71
P0016,"Product P0016",Clothing,Default,230,80,99.31,"Default Supplier",58.05
P0017,"Product P0017",Clothing,Default,301,84,90.29,"Default Supplier",83.04
P0018,"Product P0018",Furniture,Default,263,8,11.98,"Default Supplier",81.47
P0019,"Product P0019",Clothing,Default,100,65,68.14,"Default Supplier",46.67
P0020,"Product P0020",Electronics,Default,343,221,214.44,"Default Supplier",24.61
P0001,"Product P0001",Groceries,Default,117,42,56.12,"Default Supplier",31.79
P0002,"Product P0002",Toys,Default,114,70,61.73,"Default Supplier",36.13
P0003,"Product P0003",Furniture,Default,127,11,15.25,"Default Supplier",49.6
P0004,"Product P0004",Clothing,Default,141,54,62.16,"Default Supplier",38.68
P0005,"Product P0005",Groceries,Default,280,36,26.1,"Default Supplier",10.06
P0006,"Product P0006",Toys,Default,341,229,226.45,"Default Supplier",62.31
P0007,"Product P0007",Toys,Default,229,94,107.56,"Default Supplier",48.84
P0008,"Product P0008",Groceries,Default,248,212,227.94,"Default Supplier",24.63
P0009,"Product P0009",Toys,Default,335,178,181.48,"Default Supplier",87.82
P0010,"Product P0010",Electronics,Default,416,300,304.96,"Default Supplier",63.39
P0011,"Product P0011",Toys,Default,481,345,355.64,"Default Supplier",56.76
P0012,"Product P0012",Clothing,Default,170,147,162.71,"Default Supplier",33.95
P0013,"Product P0013",Furniture,Default,213,104,122.12,"Default Supplier",30.8
P0014,"Product P0014",Groceries,Default,293,73,64.18,"Default Supplier",48.94
P0015,"Product P0015",Groceries,Default,350,293,293.45,"Default Supplier",31.05
P0016,"Product P0016",Electronics,Default,355,71,63.71,"Default Supplier",44.98
P0017,"Product P0017",Furniture,Default,373,21,29.29,"Default Supplier",91.69
P0018,"Product P0018",Furniture,Default,292,22,21.8,"Default Supplier",26.6
P0019,"Product P0019",Toys,Default,447,31,21.94,"Default Supplier",84.73
P0020,"Product P0020",Groceries,Default,287,259,270.1,"Default Supplier",95.77
P0001,"Product P0001",Toys,Default,126,57,59.64,"Default Supplier",21.01
P0002,"Product P0002",Clothing,Default,85,79,72.88,"Default Supplier",40.83
P0003,"Product P0003",Furniture,Default,84,7,9.75,"Default Supplier",67.15
P0004,"Product P0004",Clothing,Default,209,92,105.52,"Default Supplier",94.47
P0005,"Product P0005",Groceries,Default,260,248,262.45,"Default Supplier",15.86
P0006,"Product P0006",Toys,Default,134,89,90.46,"Default Supplier",77.71
P0007,"Product P0007",Clothing,Default,421,120,139.15,"Default Supplier",24.06
P0008,"Product P0008",Furniture,Default,318,216,207.11,"Default Supplier",96.13
P0009,"Product P0009",Furniture,Default,342,335,335.31,"Default Supplier",22.27
P0010,"Product P0010",Electronics,Default,217,158,148.76,"Default Supplier",37.11
P0011,"Product P0011",Electronics,Default,459,91,82.67,"Default Supplier",76.21
P0012,"Product P0012",Furniture,Default,456,320,315.25,"Default Supplier",47.54
P0013,"Product P0013",Furniture,Default,436,67,82.23,"Default Supplier",87.82
P0014,"Product P0014",Groceries,Default,274,79,85.44,"Default Supplier",63.08
P0015,"Product P0015",Toys,Default,450,84,79.33,"Default Supplier",10.85
P0016,"Product P0016",Toys,Default,166,87,99.16,"Default Supplier",75.19
P0017,"Product P0017",Electronics,Default,174,18,12.75,"Default Supplier",67.68
P0018,"Product P0018",Electronics,Default,413,369,365.01,"Default Supplier",45.57
P0019,"Product P0019",Clothing,Default,408,170,164.18,"Default Supplier",95.52
P0020,"Product P0020",Clothing,Default,257,192,201.77,"Default Supplier",66.95
P0001,"Product P0001",Groceries,Default,310,280,279.05,"Default Supplier",20.82
P0002,"Product P0002",Clothing,Default,248,236,243.09,"Default Supplier",96
P0003,"Product P0003",Toys,Default,161,107,101.45,"Default Supplier",85.09
P0004,"Product P0004",Furniture,Default,94,40,40.99,"Default Supplier",45.22
P0005,"Product P0005",Toys,Default,80,27,25.55,"Default Supplier",98.97
P0006,"Product P0006",Toys,Default,130,102,110.85,"Default Supplier",23.47
P0007,"Product P0007",Clothing,Default,299,110,100.75,"Default Supplier",73.43
P0008,"Product P0008",Electronics,Default,390,135,141.9,"Default Supplier",71.06
P0009,"Product P0009",Groceries,Default,62,12,22.88,"Default Supplier",52.85
P0010,"Product P0010",Groceries,Default,359,259,250.33,"Default Supplier",89.31
P0011,"Product P0011",Groceries,Default,461,110,127.48,"Default Supplier",82.33
P0012,"Product P0012",Clothing,Default,91,53,51.14,"Default Supplier",65.05
P0013,"Product P0013",Furniture,Default,175,35,27.92,"Default Supplier",64.37
P0014,"Product P0014",Electronics,Default,496,349,355.24,"Default Supplier",75.88
P0015,"Product P0015",Groceries,Default,190,178,175.65,"Default Supplier",52.89
P0016,"Product P0016",Clothing,Default,419,201,202.21,"Default Supplier",78.7
P0017,"Product P0017",Furniture,Default,381,264,277.98,"Default Supplier",16.08
P0018,"Product P0018",Groceries,Default,66,35,36.58,"Default Supplier",72.14
P0019,"Product P0019",Electronics,Default,103,73,72.79,"Default Supplier",52.67
P0020,"Product P0020",Electronics,Default,427,215,207.04,"Default Supplier",49.52
P0001,"Product P0001",Furniture,Default,101,23,18.75,"Default Supplier",30.18
P0002,"Product P0002",Clothing,Default,499,211,220.04,"Default Supplier",56.35
P0003,"Product P0003",Electronics,Default,180,28,43.2,"Default Supplier",56.87
P0004,"Product P0004",Furniture,Default,58,40,48.74,"Default Supplier",77.7
P0005,"Product P0005",Electronics,Default,153,112,109.37,"Default Supplier",31.47
P0006,"Product P0006",Clothing,Default,142,112,131.57,"Default Supplier",86.12
P0007,"Product P0007",Furniture,Default,157,140,133.11,"Default Supplier",81.91
P0008,"Product P0008",Groceries,Default,129,94,108.16,"Default Supplier",82.5
P0009,"Product P0009",Groceries,Default,420,177,181.88,"Default Supplier",70.69
P0010,"Product P0010",Electronics,Default,225,209,222.54,"Default Supplier",21.75
P0011,"Product P0011",Groceries,Default,434,46,51.3,"Default Supplier",60.87
P0012,"Product P0012",Toys,Default,102,62,77.34,"Default Supplier",79
P0013,"Product P0013",Groceries,Default,276,176,183.7,"Default Supplier",33.77
P0014,"Product P0014",Electronics,Default,112,21,13.92,"Default Supplier",80.06
P0015,"Product P0015",Furniture,Default,494,300,311.48,"Default Supplier",61.44
P0016,"Product P0016",Groceries,Default,407,103,107.56,"Default Supplier",60.15
P0017,"Product P0017",Furniture,Default,308,266,259.6,"Default Supplier",31.07
P0018,"Product P0018",Furniture,Default,331,235,234.25,"Default Supplier",22.58
P0019,"Product P0019",Electronics,Default,481,154,169.61,"Default Supplier",85.04
P0020,"Product P0020",Toys,Default,372,176,183.29,"Default Supplier",15.56
